S0,tfin,wacute,wrisk2
5000.0,101.0,1.07035175879397,7.92964824120603
