S0,tfin,wacute,wrisk2
5000.0,101.0,1.2110552763819096,7.788944723618091
