S0,tfin,wacute,wrisk2
5000.0,101.0,1.4221105527638191,7.577889447236181
