S0,tfin,wacute,wrisk2
5000.0,101.0,1.3517587939698492,7.648241206030151
