S0,tfin,wacute,wrisk2
5000.0,101.0,1.1407035175879396,7.85929648241206
