S0,tfin,wacute,wrisk2
5000.0,101.0,1.2814070351758793,7.71859296482412
