S0,tfin,wacute,wrisk2
5000.0,101.0,1.6331658291457285,7.366834170854272
