S0,tfin,wacute,wrisk2
5000.0,101.0,1.5628140703517588,7.437185929648241
