S0,tfin,wacute,wrisk2
5000.0,101.0,1.492462311557789,7.507537688442211
