S0,tfin,wacute,wrisk2
5000.0,101.0,1.7035175879396984,7.296482412060302
