S0,tfin,wacute,wrisk2
5000.0,101.0,1.7738693467336684,7.226130653266331
