S0,tfin,wacute,wrisk2
5000.0,101.0,1.8442211055276383,7.155778894472362
