S0,tfin,wacute,wrisk2
5000.0,101.0,1.914572864321608,7.085427135678392
