S0,tfin,wacute,wrisk2
5000.0,101.0,2.0552763819095476,6.944723618090452
