S0,tfin,wacute,wrisk2
5000.0,101.0,1.984924623115578,7.015075376884422
