S0,tfin,wacute,wrisk2
5000.0,101.0,2.3366834170854274,6.663316582914573
