S0,tfin,wacute,wrisk2
5000.0,101.0,2.1959798994974875,6.8040201005025125
