S0,tfin,wacute,wrisk2
5000.0,101.0,2.1256281407035176,6.874371859296483
