S0,tfin,wacute,wrisk2
5000.0,101.0,2.758793969849246,6.241206030150754
