S0,tfin,wacute,wrisk2
5000.0,101.0,2.477386934673367,6.522613065326633
