S0,tfin,wacute,wrisk2
5000.0,101.0,2.618090452261306,6.381909547738694
