S0,tfin,wacute,wrisk2
5000.0,101.0,2.829145728643216,6.170854271356784
