S0,tfin,wacute,wrisk2
5000.0,101.0,2.969849246231156,6.030150753768844
