S0,tfin,wacute,wrisk2
5000.0,101.0,3.040201005025126,5.959798994974874
