S0,tfin,wacute,wrisk2
5000.0,101.0,3.180904522613065,5.819095477386934
