S0,tfin,wacute,wrisk2
5000.0,101.0,3.321608040201005,5.678391959798995
