S0,tfin,wacute,wrisk2
5000.0,101.0,3.5326633165829144,5.467336683417086
