S0,tfin,wacute,wrisk2
5000.0,101.0,3.391959798994975,5.608040201005025
