S0,tfin,wacute,wrisk2
5000.0,101.0,3.6733668341708543,5.326633165829145
