S0,tfin,wacute,wrisk2
5000.0,101.0,3.7437185929648242,5.256281407035176
