S0,tfin,wacute,wrisk2
5000.0,101.0,3.6030150753768844,5.396984924623116
