S0,tfin,wacute,wrisk2
5000.0,101.0,2.371859296482412,6.628140703517587
