S0,tfin,wacute,wrisk2
5000.0,101.0,2.442211055276382,6.557788944723618
