S0,tfin,wacute,wrisk2
5000.0,101.0,3.2160804020100504,5.78391959798995
