S0,tfin,wacute,wrisk2
5000.0,101.0,1.5276381909547738,7.472361809045227
