S0,tfin,wacute,wrisk2
5000.0,101.0,2.7939698492462313,6.206030150753769
