S0,tfin,wacute,wrisk2
5000.0,101.0,1.1055276381909547,7.894472361809045
