S0,tfin,wacute,wrisk2
5000.0,101.0,1.457286432160804,7.542713567839196
