S0,tfin,wacute,wrisk2
5000.0,101.0,1.5979899497487438,7.402010050251256
