S0,tfin,wacute,wrisk2
5000.0,101.0,1.035175879396985,7.964824120603015
