S0,tfin,wacute,wrisk2
5000.0,101.0,1.949748743718593,7.050251256281407
