S0,tfin,wacute,wrisk2
5000.0,101.0,2.582914572864322,6.417085427135678
