S0,tfin,wacute,wrisk2
5000.0,101.0,2.7236180904522613,6.276381909547739
