S0,tfin,wacute,wrisk2
5000.0,101.0,2.6532663316582914,6.346733668341709
