S0,tfin,wacute,wrisk2
5000.0,101.0,3.35678391959799,5.64321608040201
