S0,tfin,wacute,wrisk2
5000.0,101.0,1.1758793969849246,7.824120603015075
