S0,tfin,wacute,wrisk2
5000.0,101.0,1.7386934673366834,7.261306532663316
