S0,tfin,wacute,wrisk2
5000.0,101.0,1.3165829145728642,7.683417085427136
