S0,tfin,wacute,wrisk2
5000.0,101.0,2.934673366834171,6.065326633165829
