S0,tfin,wacute,wrisk2
5000.0,101.0,3.4271356783919598,5.572864321608041
