S0,tfin,wacute,wrisk2
5000.0,101.0,1.879396984924623,7.1206030150753765
