S0,tfin,wacute,wrisk2
5000.0,101.0,3.5678391959798996,5.4321608040201
