S0,tfin,wacute,wrisk2
5000.0,101.0,3.778894472361809,5.221105527638191
