S0,tfin,wacute,wrisk2
5000.0,101.0,3.638190954773869,5.361809045226131
