S0,tfin,wacute,wrisk2
5000.0,101.0,3.28643216080402,5.71356783919598
