S0,tfin,wacute,wrisk2
5000.0,101.0,2.020100502512563,6.9798994974874375
