S0,tfin,wacute,wrisk2
5000.0,101.0,3.0753768844221105,5.924623115577889
