S0,tfin,wacute,wrisk2
5000.0,101.0,1.2462311557788945,7.7537688442211055
