S0,tfin,wacute,wrisk2
5000.0,101.0,3.0050251256281406,5.994974874371859
