S0,tfin,wacute,wrisk2
5000.0,101.0,3.708542713567839,5.291457286432161
