S0,tfin,wacute,wrisk2
5000.0,101.0,2.8643216080402008,6.135678391959799
