S0,tfin,wacute,wrisk2
5000.0,101.0,3.4974874371859297,5.50251256281407
