S0,tfin,wacute,wrisk2
5000.0,101.0,3.8140703517587937,5.185929648241206
