S0,tfin,wacute,wrisk2
5000.0,101.0,3.8844221105527637,5.115577889447236
