S0,tfin,wacute,wrisk2
5000.0,101.0,3.9547738693467336,5.045226130653266
