S0,tfin,wacute,wrisk2
5000.0,101.0,4.0954773869346734,4.9045226130653266
