S0,tfin,wacute,wrisk2
5000.0,101.0,4.236180904522612,4.763819095477388
