S0,tfin,wacute,wrisk2
5000.0,101.0,4.376884422110553,4.623115577889447
