S0,tfin,wacute,wrisk2
5000.0,101.0,4.869346733668342,4.130653266331658
