S0,tfin,wacute,wrisk2
5000.0,101.0,4.939698492462312,4.060301507537688
