S0,tfin,wacute,wrisk2
5000.0,101.0,5.010050251256281,3.9899497487437188
