S0,tfin,wacute,wrisk2
5000.0,101.0,5.080402010050252,3.9195979899497484
