S0,tfin,wacute,wrisk2
5000.0,101.0,5.150753768844221,3.849246231155779
