S0,tfin,wacute,wrisk2
5000.0,101.0,5.221105527638191,3.7788944723618094
