S0,tfin,wacute,wrisk2
5000.0,101.0,5.36180904522613,3.6381909547738696
