S0,tfin,wacute,wrisk2
5000.0,101.0,5.432160804020101,3.567839195979899
