S0,tfin,wacute,wrisk2
5000.0,101.0,5.50251256281407,3.4974874371859297
