S0,tfin,wacute,wrisk2
5000.0,101.0,5.57286432160804,3.42713567839196
