S0,tfin,wacute,wrisk2
5000.0,101.0,5.71356783919598,3.2864321608040203
