S0,tfin,wacute,wrisk2
5000.0,101.0,5.78391959798995,3.21608040201005
