S0,tfin,wacute,wrisk2
5000.0,101.0,5.8542713567839195,3.1457286432160805
