S0,tfin,wacute,wrisk2
5000.0,101.0,5.924623115577889,3.075376884422111
