S0,tfin,wacute,wrisk2
5000.0,101.0,6.065326633165829,2.934673366834171
