S0,tfin,wacute,wrisk2
5000.0,101.0,6.276381909547738,2.7236180904522618
