S0,tfin,wacute,wrisk2
5000.0,101.0,6.4874371859296485,2.5125628140703515
