S0,tfin,wacute,wrisk2
5000.0,101.0,6.557788944723618,2.442211055276382
