S0,tfin,wacute,wrisk2
5000.0,101.0,3.849246231155779,5.150753768844221
