S0,tfin,wacute,wrisk2
5000.0,101.0,4.341708542713568,4.658291457286432
