S0,tfin,wacute,wrisk2
5000.0,101.0,3.919597989949749,5.080402010050252
