S0,tfin,wacute,wrisk2
5000.0,101.0,4.2713567839195985,4.7286432160804015
