S0,tfin,wacute,wrisk2
5000.0,101.0,5.256281407035176,3.7437185929648242
