S0,tfin,wacute,wrisk2
5000.0,101.0,4.130653266331658,4.869346733668342
