S0,tfin,wacute,wrisk2
5000.0,101.0,4.552763819095477,4.447236180904523
