S0,tfin,wacute,wrisk2
5000.0,101.0,4.763819095477387,4.236180904522613
