S0,tfin,wacute,wrisk2
5000.0,101.0,4.834170854271356,4.165829145728644
