S0,tfin,wacute,wrisk2
5000.0,101.0,4.201005025125628,4.798994974874372
