S0,tfin,wacute,wrisk2
5000.0,101.0,5.608040201005025,3.391959798994975
