S0,tfin,wacute,wrisk2
5000.0,101.0,5.115577889447236,3.884422110552764
