S0,tfin,wacute,wrisk2
5000.0,101.0,4.4120603015075375,4.5879396984924625
