S0,tfin,wacute,wrisk2
5000.0,101.0,5.185929648241206,3.8140703517587937
