S0,tfin,wacute,wrisk2
5000.0,101.0,4.693467336683417,4.306532663316583
