S0,tfin,wacute,wrisk2
5000.0,101.0,6.030150753768845,2.9698492462311554
