S0,tfin,wacute,wrisk2
5000.0,101.0,4.482412060301508,4.517587939698492
