S0,tfin,wacute,wrisk2
5000.0,101.0,5.045226130653266,3.9547738693467336
