S0,tfin,wacute,wrisk2
5000.0,101.0,5.748743718592965,3.251256281407035
