S0,tfin,wacute,wrisk2
5000.0,101.0,5.467336683417085,3.532663316582915
