S0,tfin,wacute,wrisk2
5000.0,101.0,4.974874371859297,4.025125628140703
