S0,tfin,wacute,wrisk2
5000.0,101.0,5.678391959798995,3.3216080402010046
