S0,tfin,wacute,wrisk2
5000.0,101.0,5.326633165829145,3.6733668341708547
