S0,tfin,wacute,wrisk2
5000.0,101.0,5.819095477386934,3.1809045226130657
