S0,tfin,wacute,wrisk2
5000.0,101.0,6.100502512562814,2.899497487437186
