S0,tfin,wacute,wrisk2
5000.0,101.0,5.396984924623116,3.6030150753768844
