S0,tfin,wacute,wrisk2
5000.0,101.0,5.5376884422110555,3.4623115577889445
