S0,tfin,wacute,wrisk2
5000.0,101.0,5.889447236180905,3.1105527638190953
