S0,tfin,wacute,wrisk2
5000.0,101.0,6.1708542713567835,2.8291457286432165
