S0,tfin,wacute,wrisk2
5000.0,101.0,6.452261306532663,2.5477386934673367
