S0,tfin,wacute,wrisk2
5000.0,101.0,6.628140703517587,2.3718592964824126
