S0,tfin,wacute,wrisk2
5000.0,101.0,6.698492462311558,2.301507537688442
