S0,tfin,wacute,wrisk2
5000.0,101.0,6.592964824120603,2.407035175879397
