S0,tfin,wacute,wrisk2
5000.0,101.0,6.768844221105527,2.2311557788944727
