S0,tfin,wacute,wrisk2
5000.0,101.0,6.381909547738694,2.618090452261306
