S0,tfin,wacute,wrisk2
5000.0,101.0,6.839195979899498,2.1608040201005023
