S0,tfin,wacute,wrisk2
5000.0,101.0,6.311557788944723,2.6884422110552766
