S0,tfin,wacute,wrisk2
5000.0,101.0,6.522613065326633,2.4773869346733672
