S0,tfin,wacute,wrisk2
5000.0,101.0,6.909547738693467,2.090452261306533
