S0,tfin,wacute,wrisk2
5000.0,101.0,6.9798994974874375,2.0201005025125625
