S0,tfin,wacute,wrisk2
5000.0,101.0,7.1206030150753765,1.8793969849246235
