S0,tfin,wacute,wrisk2
5000.0,101.0,7.190954773869347,1.809045226130653
