S0,tfin,wacute,wrisk2
5000.0,101.0,7.331658291457287,1.6683417085427132
