S0,tfin,wacute,wrisk2
5000.0,101.0,7.472361809045226,1.5276381909547743
