S0,tfin,wacute,wrisk2
5000.0,101.0,7.613065326633166,1.3869346733668344
