S0,tfin,wacute,wrisk2
5000.0,101.0,7.683417085427136,1.316582914572864
