S0,tfin,wacute,wrisk2
5000.0,101.0,7.824120603015075,1.175879396984925
