S0,tfin,wacute,wrisk2
5000.0,101.0,7.894472361809045,1.1055276381909547
