S0,tfin,wacute,wrisk2
5000.0,101.0,7.964824120603015,1.0351758793969852
