S0,tfin,wacute,wrisk2
5000.0,101.0,7.085427135678392,1.9145728643216078
