S0,tfin,wacute,wrisk2
5000.0,101.0,6.733668341708543,2.266331658291457
