S0,tfin,wacute,wrisk2
5000.0,101.0,7.155778894472362,1.8442211055276383
