S0,tfin,wacute,wrisk2
5000.0,101.0,7.57788944723618,1.4221105527638196
