S0,tfin,wacute,wrisk2
5000.0,101.0,6.874371859296482,2.125628140703518
