S0,tfin,wacute,wrisk2
5000.0,101.0,7.366834170854271,1.633165829145729
