S0,tfin,wacute,wrisk2
5000.0,101.0,7.015075376884422,1.9849246231155782
