S0,tfin,wacute,wrisk2
5000.0,101.0,7.507537688442211,1.492462311557789
