S0,tfin,wacute,wrisk2
5000.0,101.0,7.437185929648241,1.5628140703517586
