S0,tfin,wacute,wrisk2
5000.0,101.0,7.648241206030151,1.3517587939698492
