S0,tfin,wacute,wrisk2
5000.0,101.0,7.226130653266331,1.7738693467336688
