S0,tfin,wacute,wrisk2
5000.0,101.0,7.71859296482412,1.2814070351758797
