S0,tfin,wacute,wrisk2
5000.0,101.0,7.788944723618091,1.2110552763819094
