S0,tfin,wacute,wrisk2
5000.0,101.0,7.9296482412060305,1.0703517587939695
